timestamp,pressure,temperature,vibration,is_anomaly_injected
2026-08-25T14:18:45,104.95,148.25,2.69,False
2026-08-25T14:18:46,97.7,150.39,2.52,False
2026-08-25T14:18:47,101.41,148.44,2.08,False
2026-08-25T14:18:48,99.57,151.09,2.26,False
2026-08-25T14:18:49,98.78,149.86,1.38,False
2026-08-25T14:18:50,99.86,149.1,2.41,False
2026-08-25T14:18:51,100.61,150.91,1.48,False
2026-08-25T14:18:52,99.72,149.17,1.83,False
2026-08-25T14:18:53,105.59,146.37,2.66,False
2026-08-25T14:18:54,94.82,147.97,2.33,False
2026-08-25T14:18:55,95.04,148.0,1.57,False
2026-08-25T14:18:56,102.13,150.38,2.0,False
2026-08-25T14:18:57,97.52,149.13,2.4,False
2026-08-25T14:18:58,97.21,153.18,2.16,False
2026-08-25T14:18:59,101.58,147.99,1.84,False
2026-08-25T14:19:00,103.16,149.74,2.29,False
2026-08-25T14:19:01,98.67,148.56,1.99,False
2026-08-25T14:19:02,93.4,149.34,1.97,False
2026-08-25T14:19:03,97.0,151.1,1.85,False
2026-08-25T14:19:04,99.22,145.86,2.08,False
2026-08-25T14:19:05,103.32,149.04,1.84,False
2026-08-25T14:19:06,99.8,151.04,1.66,False
2026-08-25T14:19:07,96.93,150.49,2.16,False
2026-08-25T14:19:08,100.7,145.95,1.83,False
2026-08-25T14:19:09,96.99,152.19,2.0,False
2026-08-25T14:19:10,98.77,154.46,2.11,False
2026-08-25T14:19:11,95.14,153.24,1.62,False
2026-08-25T14:19:12,108.0,149.75,2.04,False
2026-08-25T14:19:13,95.02,147.47,1.93,False
2026-08-25T14:19:14,97.02,148.78,2.25,False
2026-08-25T14:19:15,95.66,149.05,1.92,False
2026-08-25T14:19:16,100.39,146.96,2.8,False
2026-08-25T14:19:17,99.02,148.37,2.08,False
2026-08-25T14:19:18,101.68,148.92,1.94,False
2026-08-25T14:19:19,97.86,151.48,1.64,False
2026-08-25T14:19:20,102.3,149.26,1.69,False
2026-08-25T14:19:21,101.84,151.93,2.03,False
2026-08-25T14:19:22,101.02,149.18,1.67,False
2026-08-25T14:19:23,99.71,148.33,2.11,False
2026-08-25T14:19:24,103.36,147.5,1.79,False
2026-08-25T14:19:25,102.25,149.42,2.04,False
2026-08-25T14:19:26,100.34,151.44,2.23,False
2026-08-25T14:19:27,102.79,147.67,1.68,False
2026-08-25T14:19:28,102.8,147.19,1.71,False
2026-08-25T14:19:29,100.48,151.45,2.03,False
2026-08-25T14:19:30,106.45,150.74,2.79,False
2026-08-25T14:19:31,96.01,149.83,1.47,False
2026-08-25T14:19:32,97.12,150.25,2.13,False
2026-08-25T14:19:33,101.53,152.18,1.92,False
2026-08-25T14:19:34,99.1,148.34,1.84,False
2026-08-25T14:19:35,98.62,150.34,1.94,False
2026-08-25T14:19:36,96.97,146.05,2.08,False
2026-08-25T14:19:37,97.58,148.21,1.68,False
2026-08-25T14:19:38,105.8,149.58,1.69,False
2026-08-25T14:19:39,97.49,152.3,1.57,False
2026-08-25T14:19:40,102.85,148.94,1.74,False
2026-08-25T14:19:41,99.58,151.1,2.06,False
2026-08-25T14:19:42,94.97,154.7,1.91,False
2026-08-25T14:19:43,102.81,149.53,1.68,False
2026-08-25T14:19:44,99.18,143.1,2.28,False
2026-08-25T14:19:45,104.01,148.63,1.93,False
2026-08-25T14:19:46,102.4,150.4,1.82,False
2026-08-25T14:19:47,99.97,152.49,1.5,False
2026-08-25T14:19:48,98.46,152.25,2.36,False
2026-08-25T14:19:49,101.46,149.89,1.99,False
2026-08-25T14:19:50,96.56,149.42,2.51,False
2026-08-25T14:19:51,105.16,150.99,1.54,False
2026-08-25T14:19:52,102.11,148.8,1.86,False
2026-08-25T14:19:53,98.41,149.12,1.87,False
2026-08-25T14:19:54,99.91,149.76,1.76,False
2026-08-25T14:19:55,98.79,152.4,2.28,False
2026-08-25T14:19:56,97.57,148.56,1.92,False
2026-08-25T14:19:57,108.66,149.6,1.92,False
2026-08-25T14:19:58,99.54,147.21,1.48,False
2026-08-25T14:19:59,108.06,150.62,1.78,False
2026-08-25T14:20:00,101.17,147.37,1.93,False
2026-08-25T14:20:01,97.61,148.33,2.67,False
2026-08-25T14:20:02,102.67,151.27,1.74,False
2026-08-25T14:20:03,96.74,151.74,1.88,False
2026-08-25T14:20:04,102.82,149.19,1.8,False
2026-08-25T14:20:05,101.99,150.03,2.08,False
2026-08-25T14:20:06,99.94,150.31,2.26,False
2026-08-25T14:20:07,97.25,161.48,2.81,True
2026-08-25T14:20:08,97.92,150.72,0.09,True
2026-08-25T14:20:09,100.7,151.9,1.83,False
2026-08-25T14:20:10,98.87,147.25,1.96,False
2026-08-25T14:20:11,96.79,151.39,2.27,False
2026-08-25T14:33:48,98.06,148.9,2.28,False
2026-08-25T14:33:49,99.27,148.93,2.22,False
2026-08-25T14:33:50,103.75,147.77,2.31,False
2026-08-25T14:33:51,100.84,148.76,1.65,False
2026-08-25T14:33:52,105.44,149.4,1.59,False
2026-08-25T14:33:53,99.18,149.77,1.37,False
2026-08-25T14:33:54,102.02,150.47,2.09,False
2026-08-25T14:33:55,101.77,150.38,2.18,False
2026-08-25T14:33:56,97.6,151.7,2.22,False
2026-08-25T14:33:57,100.41,148.84,2.04,False
2026-08-25T14:33:58,94.99,150.1,1.86,False
2026-08-25T14:33:59,103.73,148.0,1.76,False
2026-08-25T14:34:00,92.49,150.98,1.9,False
2026-08-25T14:34:01,100.59,145.97,1.78,False
2026-08-25T14:34:02,98.01,152.51,1.77,False
2026-08-25T14:34:03,99.29,152.47,2.29,False
2026-08-25T14:34:04,101.96,149.89,1.66,False
2026-08-25T14:34:05,100.01,152.41,2.43,False
2026-08-25T14:34:06,104.72,149.61,1.99,False
2026-08-25T14:34:07,97.39,149.52,2.13,False
2026-08-25T14:34:08,100.95,145.84,2.03,False
2026-08-25T14:34:09,84.61,149.67,1.93,True
2026-08-25T14:34:10,102.16,150.46,1.98,False
2026-08-25T14:34:11,101.36,150.01,2.23,False
2026-08-25T14:34:12,78.11,149.92,2.42,True
2026-08-25T14:34:13,101.55,147.85,1.63,False
2026-08-25T14:34:14,102.41,144.6,2.36,False
2026-08-25T14:34:15,103.59,150.65,1.88,False
2026-08-25T14:34:16,99.03,147.63,1.85,False
2026-08-25T14:34:17,96.85,150.56,1.84,False
2026-08-25T14:34:18,99.85,149.11,1.75,False
2026-08-25T14:34:19,101.49,152.91,2.15,False
2026-08-25T14:34:20,99.63,154.19,2.01,False
2026-08-25T14:34:21,100.49,151.1,2.34,False
2026-08-25T14:34:22,102.92,145.38,1.69,False
2026-08-25T14:34:23,99.76,152.62,1.96,False
2026-08-25T14:34:24,96.6,150.3,1.58,False
2026-08-25T14:34:25,100.14,151.28,1.91,False
2026-08-25T14:34:26,102.17,154.74,1.72,False
2026-08-25T14:34:27,104.03,151.27,2.11,False
2026-08-25T14:34:28,94.76,152.84,1.92,False
2026-08-25T14:34:29,93.49,147.72,1.74,False
2026-08-25T14:34:30,102.29,149.5,2.11,False
2026-08-25T14:34:31,99.73,152.1,2.2,False
2026-08-25T14:34:32,104.28,147.21,2.26,False
2026-08-25T14:34:33,97.65,154.56,1.58,False
2026-08-25T14:34:34,96.93,155.24,2.11,False
2026-08-25T14:34:35,101.59,149.62,2.12,False
2026-08-25T14:34:36,97.94,152.45,1.55,False
2026-08-25T14:34:37,101.01,151.53,2.21,False
2026-08-25T14:34:38,99.39,149.36,1.9,False
2026-08-25T14:34:39,100.4,151.13,1.71,False
2026-08-25T14:34:40,102.15,148.73,1.83,False
2026-08-25T14:34:41,99.56,146.56,1.98,False
2026-08-25T14:34:42,99.66,149.83,1.96,False
2026-08-25T14:34:43,102.1,148.94,2.77,False
2026-08-25T14:34:44,103.23,151.49,2.39,False
2026-08-25T14:34:45,100.92,152.5,1.95,False
2026-08-25T14:34:46,101.41,149.05,2.34,False
2026-08-25T14:34:47,96.99,151.19,2.18,False
2026-08-25T14:34:48,97.33,150.91,2.2,False
2026-08-25T14:34:49,103.07,147.56,1.76,False
2026-08-25T14:34:50,98.99,151.35,2.41,False
2026-08-25T14:34:51,94.84,148.95,4.56,True
2026-08-25T14:34:52,96.59,151.23,1.72,False
2026-08-25T14:34:53,102.94,151.21,2.16,False
2026-08-25T14:34:54,99.16,148.87,1.73,False
2026-08-25T14:34:55,99.02,150.81,2.59,False
2026-08-25T14:34:56,98.2,150.31,1.64,False
2026-08-25T14:34:57,98.47,144.91,2.25,False
2026-08-25T14:34:58,99.05,149.98,2.24,False
2026-08-25T14:34:59,105.46,149.46,2.21,False
2026-08-25T14:35:00,99.5,152.91,2.05,False
2026-08-25T14:35:01,104.03,152.65,2.18,False
2026-08-25T14:35:02,103.39,149.35,2.05,False
2026-08-25T14:35:03,100.01,145.97,1.89,False
2026-08-25T14:35:04,100.74,148.27,2.43,False
2026-08-25T14:35:05,96.07,146.18,1.93,False
2026-08-25T14:35:06,102.86,146.3,2.19,False
2026-08-25T14:35:07,100.05,149.71,1.8,False
2026-08-25T14:35:08,106.25,153.15,2.0,False
2026-08-25T14:35:09,96.48,149.57,1.95,False
2026-08-25T14:35:10,101.79,151.22,1.93,False
2026-08-25T14:35:11,100.77,151.26,2.41,False
2026-08-25T14:35:12,98.44,152.86,2.19,False
2026-08-25T14:35:13,103.01,149.44,2.91,False
2026-08-25T14:35:14,106.23,148.91,1.79,False
2026-08-25T14:35:15,101.82,154.58,1.91,False
2026-08-25T14:35:16,95.42,150.31,1.75,False
2026-08-25T14:35:17,97.22,134.94,1.54,True
2026-08-25T14:35:18,101.89,152.24,1.28,False
2026-08-25T14:35:19,100.12,148.51,3.95,True
2026-08-25T14:35:20,124.95,150.82,1.97,True
2026-08-25T14:35:21,102.12,149.6,1.97,False
2026-08-25T14:35:22,103.77,148.97,1.94,False
2026-08-25T14:35:23,104.56,151.37,1.73,False
2026-08-25T14:35:24,97.31,152.3,2.41,False
2026-08-25T14:35:25,99.95,149.23,1.79,False
2026-08-25T14:35:26,102.0,153.18,2.57,False
2026-08-25T14:35:27,102.26,147.58,1.78,False
2026-08-25T14:35:28,103.4,152.04,1.9,False
2026-08-25T14:35:29,81.22,149.5,2.1,True
2026-08-25T14:35:30,99.56,149.99,2.21,False
2026-08-25T14:35:31,94.0,149.05,2.21,False
2026-08-25T14:35:32,100.21,150.32,2.21,False
2026-08-25T14:35:33,98.65,147.52,2.22,False
2026-08-25T14:35:34,92.29,150.79,2.2,False
2026-08-25T14:35:35,103.32,150.1,1.86,False
2026-08-25T14:35:36,99.93,150.88,2.19,False
2026-08-25T14:35:37,102.76,148.94,2.32,False
2026-08-25T14:35:38,100.77,150.03,1.69,False
2026-08-25T14:35:39,98.25,148.55,2.31,False
2026-08-25T14:35:40,75.1,149.78,1.43,True
2026-08-25T14:35:41,99.98,151.51,2.4,False
2026-08-25T14:35:42,103.17,149.28,2.73,False
2026-08-25T14:35:43,94.21,148.87,1.92,False
2026-08-25T14:35:44,96.7,154.19,2.01,False
2026-08-25T14:35:45,98.89,152.13,2.1,False
2026-08-25T14:35:46,100.0,139.34,2.18,True
2026-08-25T14:35:47,105.94,150.18,2.36,False
2026-08-25T14:35:48,104.08,151.85,2.37,False
2026-08-25T14:35:49,96.54,148.39,2.11,False
2026-08-25T14:35:50,93.47,146.66,1.87,False
2026-08-25T14:35:51,100.15,151.19,1.95,False
2026-08-25T14:35:52,102.46,152.51,1.75,False
2026-08-25T14:35:53,104.22,150.44,2.11,False
2026-08-25T14:35:54,98.35,147.68,1.88,False
2026-08-25T14:35:55,95.56,149.56,1.84,False
2026-08-25T14:35:56,99.26,150.28,2.24,False
2026-08-25T14:35:57,98.31,149.84,2.04,False
2026-08-25T14:37:28,99.34,150.46,2.13,False
2026-08-25T14:37:29,97.92,151.07,2.06,False
2026-08-25T14:37:30,94.4,149.04,1.54,False
2026-08-25T14:37:31,97.22,151.68,1.69,False
2026-08-25T14:37:32,99.37,151.06,2.35,False
2026-08-25T14:37:33,94.05,148.17,1.97,False
2026-08-25T14:37:34,98.87,148.1,2.63,False
2026-08-25T14:37:35,123.25,150.26,2.2,True
2026-08-25T14:37:36,98.89,148.08,1.77,False
2026-08-25T14:37:37,99.89,150.4,1.81,False
2026-08-25T14:37:38,97.43,147.15,2.17,False
2026-08-25T14:37:39,101.92,148.11,1.92,False
2026-08-25T14:37:40,99.68,151.13,2.47,False
2026-08-25T14:37:41,92.18,150.57,2.22,False
2026-08-25T14:37:42,99.68,150.84,2.29,False
2026-08-25T14:37:43,99.32,151.28,2.02,False
2026-08-25T14:37:44,95.82,152.69,1.99,False
2026-08-25T14:37:45,103.44,163.16,2.11,True
2026-08-25T14:37:46,101.96,149.2,1.29,False
2026-08-25T14:37:47,101.91,146.66,1.43,False
2026-08-25T14:37:48,97.45,153.18,2.72,False
2026-08-25T14:37:49,98.01,151.79,1.92,False
2026-08-25T14:37:50,102.63,152.2,2.09,False
2026-08-25T14:37:51,93.67,149.97,2.8,False
2026-08-25T14:37:52,98.18,151.71,2.06,False
2026-08-25T14:37:53,100.47,149.09,1.62,False
2026-08-25T14:37:54,104.67,150.79,2.09,False
2026-08-25T14:37:55,96.98,147.04,1.72,False
2026-08-25T14:37:56,98.65,149.95,2.02,False
2026-08-25T14:37:57,94.98,146.77,2.31,False
2026-08-25T14:37:58,96.75,153.8,2.15,False
2026-08-25T14:37:59,97.62,144.01,1.89,False
2026-08-25T14:38:00,99.0,149.61,2.11,False
2026-08-25T14:38:01,103.06,151.61,2.23,False
2026-08-25T14:38:02,100.5,149.19,1.7,False
2026-08-25T14:38:03,100.69,151.79,1.95,False
2026-08-25T14:38:04,103.54,151.25,2.12,False
2026-08-25T14:38:05,99.61,147.35,1.85,False
2026-08-25T14:38:06,104.43,152.86,2.22,False
2026-08-25T14:38:07,97.87,150.8,1.58,False
2026-08-25T14:38:08,99.59,151.96,1.93,False
2026-08-25T14:38:09,105.03,148.94,1.94,False
2026-08-25T14:38:10,95.36,151.95,1.87,False
2026-08-25T14:38:11,96.42,150.53,1.7,False
2026-08-25T14:38:12,102.3,150.37,2.0,False
2026-08-25T14:38:13,99.87,152.8,2.2,False
2026-08-25T14:38:14,99.04,149.44,2.11,False
2026-08-25T14:38:15,100.07,148.58,2.1,False
2026-08-25T14:38:16,102.42,151.14,1.96,False
2026-08-25T14:38:17,106.46,149.34,1.78,False
2026-08-25T14:38:18,102.36,151.56,1.64,False
2026-08-25T14:38:19,100.19,148.71,2.3,False
2026-08-25T14:38:20,101.36,153.1,2.05,False
2026-08-25T14:38:21,98.63,148.13,2.25,False
2026-08-25T14:38:22,93.34,151.52,2.04,False
2026-08-25T14:38:23,103.92,148.88,1.61,False
2026-08-25T14:38:24,97.11,152.22,-0.01,True
2026-08-25T14:38:25,92.68,153.88,2.43,False
2026-08-25T14:38:26,98.03,152.1,1.37,False
2026-08-25T14:38:27,102.79,151.95,1.96,False
2026-08-25T14:38:28,101.7,151.41,1.93,False
2026-08-25T14:38:29,102.16,149.38,1.67,False
2026-08-25T14:38:30,97.24,149.74,1.96,False
2026-08-25T14:38:31,99.07,149.25,2.02,False
2026-08-25T14:38:32,101.78,149.46,1.94,False
2026-08-25T14:38:33,100.19,148.85,1.78,False
2026-08-25T14:38:34,97.16,149.98,2.41,False
2026-08-25T14:38:35,98.82,148.54,1.85,False
2026-08-25T14:38:36,99.03,149.34,1.86,False
2026-08-25T14:38:37,99.51,153.37,2.54,False
2026-08-25T14:38:38,98.41,150.62,2.19,False
2026-08-25T14:38:39,101.58,150.67,2.21,False
2026-08-25T14:38:40,100.22,149.64,2.6,False
2026-08-25T14:38:41,99.72,148.87,2.34,False
2026-08-25T14:38:42,107.43,145.31,2.28,False
2026-08-25T14:41:53,101.88,151.57,2.0,False
2026-08-25T14:41:54,103.2,150.02,1.78,False
2026-08-25T14:41:55,98.49,150.94,2.19,False
2026-08-25T14:41:56,104.73,149.32,2.28,False
2026-08-25T14:41:57,99.38,149.52,1.93,False
2026-08-25T14:41:58,100.79,149.66,1.83,False
2026-08-25T14:41:59,98.85,149.05,2.16,False
2026-08-25T14:42:00,103.29,149.07,2.42,False
2026-08-25T14:42:01,96.81,148.72,2.22,False
2026-08-25T14:42:02,98.54,148.96,2.17,False
2026-08-25T14:42:03,98.99,150.14,2.1,False
2026-08-25T14:42:04,108.94,150.74,1.83,False
2026-08-25T14:42:05,101.98,149.67,2.11,False
2026-08-25T14:42:06,103.9,152.66,1.54,False
2026-08-25T14:42:07,102.96,149.45,2.04,False
2026-08-25T14:42:08,104.87,153.49,2.51,False
2026-08-25T14:42:09,98.53,150.23,1.8,False
2026-08-25T14:42:10,96.91,149.4,1.72,False
2026-08-25T14:42:11,101.68,152.78,2.36,False
2026-08-25T14:42:12,120.39,150.48,1.62,True
2026-08-25T14:42:13,99.27,152.46,1.45,False
2026-08-25T14:42:14,99.27,151.33,2.58,False
2026-08-25T14:42:15,96.35,151.76,1.81,False
2026-08-25T14:42:16,96.83,150.94,1.84,False
2026-08-25T14:42:17,97.87,148.82,1.99,False
2026-08-25T14:42:18,104.75,150.16,2.12,False
2026-08-25T14:42:19,102.5,152.49,2.37,False
2026-08-25T14:42:20,103.44,148.65,2.19,False
2026-08-25T14:42:21,96.93,148.18,2.6,False
2026-08-25T14:42:22,98.8,148.04,2.07,False
2026-08-25T14:42:23,102.26,148.92,1.73,False
2026-08-25T14:42:24,99.15,154.24,1.93,False
2026-08-25T14:42:25,96.14,150.6,2.39,False
2026-08-25T14:42:26,101.04,151.79,2.69,False
2026-08-25T14:42:27,98.63,149.95,2.0,False
2026-08-25T14:42:28,102.01,153.07,2.47,False
2026-08-25T14:42:29,98.57,149.1,2.64,False
2026-08-25T14:42:30,104.6,147.61,1.54,False
2026-08-25T14:42:31,102.39,148.72,1.93,False
2026-08-25T14:42:32,96.91,151.65,1.93,False
2026-08-25T14:42:33,97.76,144.67,1.92,False
2026-08-25T14:42:34,100.99,153.93,2.16,False
2026-08-25T14:42:35,96.82,148.07,1.5,False
2026-08-25T14:42:36,106.84,148.87,2.25,False
2026-08-25T14:42:37,100.14,152.04,2.32,False
2026-08-25T14:42:38,122.99,148.68,1.92,True
2026-08-25T14:42:39,95.77,152.72,1.87,False
2026-08-25T14:42:40,101.17,149.65,2.26,False
2026-08-25T14:42:41,98.2,152.6,1.78,False
2026-08-25T14:42:42,100.01,151.72,1.64,False
2026-08-25T14:42:43,97.61,150.41,1.82,False
2026-08-25T14:42:44,100.51,152.0,2.04,False
2026-08-25T14:42:45,101.57,149.29,1.49,False
2026-08-25T14:42:46,98.28,150.64,1.86,False
2026-08-25T14:42:47,98.14,150.65,1.67,False
2026-08-25T14:42:48,97.88,152.77,1.52,False
2026-08-25T14:42:49,99.21,152.08,1.76,False
2026-08-25T14:42:50,99.1,150.91,1.8,False
2026-08-25T14:42:51,99.01,148.54,2.02,False
2026-08-25T14:42:52,98.7,148.17,1.93,False
2026-08-25T14:42:53,101.55,152.7,1.65,False
2026-08-25T14:42:54,76.38,149.37,1.51,True
2026-08-25T14:42:55,97.89,150.64,1.94,False
2026-08-25T14:42:56,101.77,150.05,1.92,False
2026-08-25T14:42:57,97.33,148.44,1.77,False
2026-08-25T14:42:58,102.21,150.66,2.69,False
2026-08-25T14:42:59,101.01,147.82,2.11,False
2026-08-25T14:43:00,101.91,154.54,1.95,False
2026-08-25T14:43:01,98.28,149.64,2.72,False
2026-08-25T14:43:02,104.21,149.61,1.93,False
2026-08-25T14:43:03,103.48,148.65,2.38,False
2026-08-25T14:43:04,97.12,147.49,2.33,False
2026-08-25T14:43:05,100.95,149.05,1.84,False
2026-08-25T14:43:06,100.75,154.23,2.14,False
2026-08-25T14:43:07,99.48,152.74,2.25,False
2026-08-25T14:43:08,95.94,148.47,2.76,False
2026-08-25T14:43:09,102.07,150.89,1.49,False
2026-08-25T14:43:10,103.12,143.97,1.61,False
2026-08-25T14:43:11,98.98,150.07,1.79,False
2026-08-25T14:43:12,102.46,150.47,1.8,False
2026-08-25T14:43:13,103.24,151.0,1.8,False
2026-08-25T14:43:14,97.0,147.57,1.77,False
2026-08-25T14:43:15,100.28,152.13,1.91,False
2026-08-25T14:43:16,98.72,148.43,1.69,False
2026-08-25T14:43:17,101.13,148.44,2.25,False
2026-08-25T14:43:18,99.91,145.95,2.01,False
2026-08-25T14:43:19,101.34,152.15,2.07,False
2026-08-25T14:43:20,103.73,151.0,1.84,False
2026-08-25T14:43:21,99.31,147.92,2.35,False
2026-08-25T14:43:22,99.61,149.82,1.87,False
2026-08-25T14:43:23,83.48,149.13,2.05,True
2026-08-25T14:43:24,103.03,146.75,2.46,False
2026-08-25T14:43:25,100.7,144.48,1.77,False
2026-08-25T14:43:26,99.07,152.34,1.8,False
2026-08-25T14:43:27,94.97,149.24,2.31,False
2026-08-25T14:43:28,98.31,151.36,1.71,False
2026-08-25T14:43:29,99.26,149.3,2.02,False
2026-08-25T14:43:30,97.27,149.51,2.2,False
2026-08-25T14:43:31,100.84,148.26,1.75,False
2026-08-25T14:43:32,100.29,148.53,2.55,False
2026-08-25T14:43:33,101.74,151.75,2.13,False
2026-08-25T14:43:34,96.0,148.41,2.17,False
2026-08-25T14:43:35,103.1,149.64,1.84,False
2026-08-25T14:43:36,97.95,149.25,2.08,False
2026-08-25T14:43:37,101.32,148.46,1.83,False
2026-08-25T14:43:38,95.56,149.6,2.03,False
2026-08-25T14:43:39,105.17,146.73,2.1,False
2026-08-25T14:43:40,101.79,155.08,2.19,False
2026-08-25T14:43:41,99.68,150.65,1.87,False
2026-08-25T14:43:42,96.76,152.13,1.75,False
2026-08-25T14:43:43,98.19,149.05,1.95,False
2026-08-25T14:43:44,98.41,154.12,2.14,False
2026-08-25T14:43:45,99.37,149.78,2.01,False
2026-08-25T14:43:46,104.2,145.36,2.15,False
2026-08-25T14:43:47,104.63,148.93,1.58,False
2026-08-25T14:43:48,101.8,148.9,1.98,False
2026-08-25T14:43:49,98.29,148.42,2.14,False
2026-08-25T14:43:50,102.5,150.45,-0.27,True
2026-08-25T14:43:51,97.02,151.65,2.35,False
2026-08-25T14:43:52,102.19,148.79,1.96,False
2026-08-25T14:43:53,99.36,149.5,2.01,False
2026-08-25T14:43:54,99.96,148.57,1.78,False
2026-08-25T14:43:55,102.58,150.92,2.54,False
2026-08-25T14:43:56,101.06,147.55,3.89,True
2026-08-25T14:43:57,97.55,148.57,1.82,False
2026-08-25T14:43:58,97.99,147.6,1.8,False
2026-08-25T14:43:59,99.15,145.0,2.27,False
2026-08-25T14:44:00,107.85,152.32,1.98,False
2026-08-25T14:44:01,104.41,152.42,1.39,False
2026-08-25T14:44:02,99.4,151.73,2.4,False
2026-08-25T14:44:03,101.51,150.62,1.62,False
2026-08-25T14:44:04,98.35,148.12,2.28,False
2026-08-25T14:44:05,100.53,149.59,1.7,False
2026-08-25T14:44:07,101.7,152.07,2.24,False
2026-08-25T14:44:08,101.21,149.55,2.09,False
2026-08-25T14:44:09,93.69,146.66,2.26,False
2026-08-25T14:44:10,98.87,150.62,1.7,False
2026-08-25T14:44:11,99.4,151.37,1.98,False
2026-08-25T14:44:12,101.81,150.72,1.6,False
2026-08-25T14:44:13,101.15,149.28,1.83,False
2026-08-25T14:44:14,98.25,149.74,4.08,True
2026-08-25T14:44:15,103.79,149.51,1.55,False
2026-08-25T14:44:16,103.84,146.91,2.33,False
2026-08-25T14:44:17,98.98,151.98,1.84,False
2026-08-25T14:44:18,92.92,152.41,2.21,False
2026-08-25T14:44:19,101.63,149.97,2.38,False
2026-08-25T14:44:20,100.58,151.48,1.92,False
2026-08-25T14:44:21,101.55,152.12,2.03,False
2026-08-25T14:44:22,101.56,148.56,2.36,False
2026-08-25T14:44:23,102.04,148.36,2.19,False
2026-08-25T14:44:24,99.56,150.82,2.29,False
2026-08-25T14:44:25,101.35,150.88,1.89,False
2026-08-25T14:44:26,106.62,151.85,2.45,False
2026-08-25T14:44:27,100.62,152.4,2.36,False
2026-08-25T14:44:28,100.92,150.25,1.65,False
2026-08-25T14:44:29,94.59,150.29,2.28,False
2026-08-25T14:44:30,101.06,150.35,2.01,False
2026-08-25T14:44:31,102.78,149.16,1.86,False
2026-08-25T14:44:32,102.33,148.9,1.32,False
